{"book_id": 28356550, "average_coherence": 0.2554057216779752}
{"book_id": 28356550, "average_coherence": 0.27315693721175194}
{"book_id": 28356550, "average_coherence": 0.1776746977120638}
{"book_id": 28356550, "average_coherence": 0.0}
{"book_id": 28356550, "average_coherence": 0.29641569228842857}
{"book_id": 28356550, "average_coherence": 0.2792712164421876}
{"book_id": 28356550, "average_coherence": 0.2290299905774494}
{"book_id": 28356550, "average_coherence": 0.32419299241155386}
